id,created_at,invoice_pack_number,factur_supplier_number,index_date,kartu_stock_id,kartu_stock_type,total_price,journal_id,journal_number,amount_journal,journal_index_date,journal_code_group
1872,"2026-01-02 00:00:00",INV-P26-0052-0002,Y2601019,260102000000001,5126,"App\Models\KartuStock",711700.45,31951,JP-2601-000005,3997600.45,26010200000003,140001
1873,"2026-01-02 00:00:00",INV-P26-0052-0002,Y2601019,260102000000002,5127,"App\Models\KartuStock",799500.00,31951,JP-2601-000005,3997600.45,26010200000003,140001
1874,"2026-01-02 00:00:00",INV-P26-0052-0002,Y2601019,260102000000003,5128,"App\Models\KartuStock",2486400.00,31951,JP-2601-000005,3997600.45,26010200000003,140001
1875,"2026-01-02 00:00:00",INV-P26-0043-0001,CI2601-00225,260102000000004,5121,"App\Models\KartuStock",772743.24,31947,JP-2601-000003,10058432.25,26010200000002,140001
1876,"2026-01-02 00:00:00",INV-P26-0043-0001,CI2601-00225,260102000000005,5122,"App\Models\KartuStock",2766743.06,31947,JP-2601-000003,10058432.25,26010200000002,140001
1877,"2026-01-02 00:00:00",INV-P26-0043-0001,CI2601-00225,260102000000006,5123,"App\Models\KartuStock",1324324.32,31947,JP-2601-000003,10058432.25,26010200000002,140001
1878,"2026-01-02 00:00:00",INV-P26-0043-0001,CI2601-00225,260102000000007,5124,"App\Models\KartuStock",1527567.57,31947,JP-2601-000003,10058432.25,26010200000002,140001
1879,"2026-01-02 00:00:00",INV-P26-0043-0001,CI2601-00225,260102000000008,5125,"App\Models\KartuStock",3667054.05,31947,JP-2601-000003,10058432.25,26010200000002,140001
1880,"2026-01-02 00:00:00",INV-P26-0049-0002,T260102-099,260102000000009,5112,"App\Models\KartuStock",1404729.73,31943,JP-2601-000001,5124594.59,26010200000001,140001
1881,"2026-01-02 00:00:00",INV-P26-0049-0002,T260102-099,260102000000010,5113,"App\Models\KartuStock",627927.93,31943,JP-2601-000001,5124594.59,26010200000001,140001
1882,"2026-01-02 00:00:00",INV-P26-0049-0002,T260102-099,260102000000011,5114,"App\Models\KartuStock",288198.20,31943,JP-2601-000001,5124594.59,26010200000001,140001
1883,"2026-01-02 00:00:00",INV-P26-0049-0002,T260102-099,260102000000012,5115,"App\Models\KartuStock",1030630.63,31943,JP-2601-000001,5124594.59,26010200000001,140001
1884,"2026-01-02 00:00:00",INV-P26-0049-0002,T260102-099,260102000000013,5116,"App\Models\KartuStock",320720.72,31943,JP-2601-000001,5124594.59,26010200000001,140001
1885,"2026-01-02 00:00:00",INV-P26-0049-0002,T260102-099,260102000000014,5117,"App\Models\KartuStock",871846.85,31943,JP-2601-000001,5124594.59,26010200000001,140001
1886,"2026-01-02 00:00:00",INV-P26-0049-0002,T260102-099,260102000000015,5118,"App\Models\KartuStock",226486.49,31943,JP-2601-000001,5124594.59,26010200000001,140001
1887,"2026-01-02 00:00:00",INV-P26-0049-0002,T260102-099,260102000000016,5119,"App\Models\KartuStock",75675.68,31943,JP-2601-000001,5124594.59,26010200000001,140001
1888,"2026-01-02 00:00:00",INV-P26-0049-0002,T260102-099,260102000000017,5120,"App\Models\KartuStock",278378.38,31943,JP-2601-000001,5124594.59,26010200000001,140001
1889,"2026-01-05 00:00:00",INV-P26-0040-0001,S-062532,260105000000001,5141,"App\Models\KartuStock",6882882.88,31967,JP-2601-000013,9529369.37,26010500000004,140001
1890,"2026-01-05 00:00:00",INV-P26-0040-0001,S-062532,260105000000002,5142,"App\Models\KartuStock",2646486.49,31967,JP-2601-000013,9529369.37,26010500000004,140001
1891,"2026-01-05 00:00:00",INV-P26-0054-0002,2026.01.00039,260105000000003,5138,"App\Models\KartuStock",2162837.84,31963,JP-2601-000011,11775450.45,26010500000003,140001
1892,"2026-01-05 00:00:00",INV-P26-0054-0002,2026.01.00039,260105000000004,5139,"App\Models\KartuStock",5461711.71,31963,JP-2601-000011,11775450.45,26010500000003,140001
1893,"2026-01-05 00:00:00",INV-P26-0054-0002,2026.01.00039,260105000000005,5140,"App\Models\KartuStock",4150900.90,31963,JP-2601-000011,11775450.45,26010500000003,140001
1894,"2026-01-05 00:00:00",INV-P26-0044-0001,JL-26-01-0002,260105000000006,5137,"App\Models\KartuStock",7027023.78,31959,JP-2601-000009,7027023.78,26010500000002,140001
1895,"2026-01-05 00:00:00",INV-P26-0049-0003,T260105-336,260105000000007,5129,"App\Models\KartuStock",2445405.41,31955,JP-2601-000007,5211891.89,26010500000001,140001
1896,"2026-01-05 00:00:00",INV-P26-0049-0003,T260105-336,260105000000008,5130,"App\Models\KartuStock",778198.20,31955,JP-2601-000007,5211891.89,26010500000001,140001
1897,"2026-01-05 00:00:00",INV-P26-0049-0003,T260105-336,260105000000009,5131,"App\Models\KartuStock",450000.00,31955,JP-2601-000007,5211891.89,26010500000001,140001
1898,"2026-01-05 00:00:00",INV-P26-0049-0003,T260105-336,260105000000010,5132,"App\Models\KartuStock",373513.51,31955,JP-2601-000007,5211891.89,26010500000001,140001
1899,"2026-01-05 00:00:00",INV-P26-0049-0003,T260105-336,260105000000011,5133,"App\Models\KartuStock",370540.54,31955,JP-2601-000007,5211891.89,26010500000001,140001
1900,"2026-01-05 00:00:00",INV-P26-0049-0003,T260105-336,260105000000012,5134,"App\Models\KartuStock",460000.00,31955,JP-2601-000007,5211891.89,26010500000001,140001
1901,"2026-01-05 00:00:00",INV-P26-0049-0003,T260105-336,260105000000013,5135,"App\Models\KartuStock",232432.43,31955,JP-2601-000007,5211891.89,26010500000001,140001
1902,"2026-01-05 00:00:00",INV-P26-0049-0003,T260105-336,260105000000014,5136,"App\Models\KartuStock",101801.80,31955,JP-2601-000007,5211891.89,26010500000001,140001
1847,"2026-01-06 00:00:00",INV-P26-0063-0001,SI-2026-01-00033,260106000000001,5170,"App\Models\KartuStock",3675000.00,31995,JP-2601-000027,3675000.00,26010600000006,140001
1909,"2026-01-06 00:00:00",INV-P26-0054-0003,2026.01.00056,260106000000002,5166,"App\Models\KartuStock",11272972.97,31991,JP-2601-000025,11272972.97,26010600000005,140001
1910,"2026-01-06 00:00:00",INV-P26-0052-0003,Y2601065,260106000000003,5160,"App\Models\KartuStock",2626260.00,31987,JP-2601-000023,11699922.35,26010600000004,140001
1911,"2026-01-06 00:00:00",INV-P26-0052-0003,Y2601065,260106000000004,5161,"App\Models\KartuStock",1237745.00,31987,JP-2601-000023,11699922.35,26010600000004,140001
1912,"2026-01-06 00:00:00",INV-P26-0052-0003,Y2601065,260106000000005,5162,"App\Models\KartuStock",972900.00,31987,JP-2601-000023,11699922.35,26010600000004,140001
1913,"2026-01-06 00:00:00",INV-P26-0052-0003,Y2601065,260106000000006,5163,"App\Models\KartuStock",4568447.00,31987,JP-2601-000023,11699922.35,26010600000004,140001
1914,"2026-01-06 00:00:00",INV-P26-0052-0003,Y2601065,260106000000007,5164,"App\Models\KartuStock",1369360.47,31987,JP-2601-000023,11699922.35,26010600000004,140001
1915,"2026-01-06 00:00:00",INV-P26-0052-0003,Y2601065,260106000000008,5165,"App\Models\KartuStock",925209.88,31987,JP-2601-000023,11699922.35,26010600000004,140001
1916,"2026-01-06 00:00:00",INV-P26-0040-0003,S-062556,260106000000009,5157,"App\Models\KartuStock",2248649.73,31983,JP-2601-000021,20054129.01,26010600000003,140001
1917,"2026-01-06 00:00:00",INV-P26-0040-0003,S-062556,260106000000010,5158,"App\Models\KartuStock",6518902.70,31983,JP-2601-000021,20054129.01,26010600000003,140001
1918,"2026-01-06 00:00:00",INV-P26-0040-0003,S-062556,260106000000011,5159,"App\Models\KartuStock",11286576.58,31983,JP-2601-000021,20054129.01,26010600000003,140001
1919,"2026-01-06 00:00:00",INV-P26-0037-0003,SO2601KD-00128,260106000000012,5146,"App\Models\KartuStock",1560809.91,31979,JP-2601-000019,15941937.56,26010600000001,140001
1920,"2026-01-06 00:00:00",INV-P26-0037-0003,SO2601KD-00128,260106000000013,5147,"App\Models\KartuStock",693696.40,31979,JP-2601-000019,15941937.56,26010600000001,140001
1921,"2026-01-06 00:00:00",INV-P26-0037-0003,SO2601KD-00128,260106000000014,5148,"App\Models\KartuStock",1207927.93,31979,JP-2601-000019,15941937.56,26010600000001,140001
1922,"2026-01-06 00:00:00",INV-P26-0037-0003,SO2601KD-00128,260106000000015,5149,"App\Models\KartuStock",2789459.46,31979,JP-2601-000019,15941937.56,26010600000001,140001
1923,"2026-01-06 00:00:00",INV-P26-0037-0003,SO2601KD-00128,260106000000016,5150,"App\Models\KartuStock",364864.86,31979,JP-2601-000019,15941937.56,26010600000001,140001
1924,"2026-01-06 00:00:00",INV-P26-0037-0003,SO2601KD-00128,260106000000017,5151,"App\Models\KartuStock",1784458.39,31979,JP-2601-000019,15941937.56,26010600000001,140001
1925,"2026-01-06 00:00:00",INV-P26-0037-0003,SO2601KD-00128,260106000000018,5152,"App\Models\KartuStock",2161081.08,31979,JP-2601-000019,15941937.56,26010600000001,140001
1926,"2026-01-06 00:00:00",INV-P26-0037-0003,SO2601KD-00128,260106000000019,5153,"App\Models\KartuStock",1316216.22,31979,JP-2601-000019,15941937.56,26010600000001,140001
1927,"2026-01-06 00:00:00",INV-P26-0037-0003,SO2601KD-00128,260106000000020,5154,"App\Models\KartuStock",545405.30,31979,JP-2601-000019,15941937.56,26010600000001,140001
1928,"2026-01-06 00:00:00",INV-P26-0037-0003,SO2601KD-00128,260106000000021,5155,"App\Models\KartuStock",923423.42,31979,JP-2601-000019,15941937.56,26010600000001,140001
1929,"2026-01-06 00:00:00",INV-P26-0037-0003,SO2601KD-00128,260106000000022,5156,"App\Models\KartuStock",2594594.59,31979,JP-2601-000019,15941937.56,26010600000001,140001
1930,"2026-01-06 00:00:00",INV-P26-0040-0002,S-062559,260106000000023,5144,"App\Models\KartuStock",2621621.62,31975,JP-2601-000017,3136936.94,26010600000002,140001
1931,"2026-01-06 00:00:00",INV-P26-0040-0002,S-062559,260106000000024,5145,"App\Models\KartuStock",515315.32,31975,JP-2601-000017,3136936.94,26010600000002,140001
1932,"2026-01-06 00:00:00",INV-P26-0046-0001,726010110,260106000000025,5143,"App\Models\KartuStock",1684000.00,31971,JP-2601-000015,1684000.00,26010600000008,140001
2247,"2026-01-06 00:00:00",INV-P26-0054-0009,2026.01.00057,260106000000026,5463,"App\Models\KartuStock",261261.26,32323,JP-2601-000182,12103153.15,26010600000007,140001
2248,"2026-01-06 00:00:00",INV-P26-0054-0009,2026.01.00057,260106000000027,5464,"App\Models\KartuStock",0.90,32323,JP-2601-000182,12103153.15,26010600000007,140001
2249,"2026-01-06 00:00:00",INV-P26-0054-0009,2026.01.00057,260106000000028,5465,"App\Models\KartuStock",1572972.97,32323,JP-2601-000182,12103153.15,26010600000007,140001
2250,"2026-01-06 00:00:00",INV-P26-0054-0009,2026.01.00057,260106000000029,5466,"App\Models\KartuStock",4981981.98,32323,JP-2601-000182,12103153.15,26010600000007,140001
2251,"2026-01-06 00:00:00",INV-P26-0054-0009,2026.01.00057,260106000000030,5467,"App\Models\KartuStock",3277027.03,32323,JP-2601-000182,12103153.15,26010600000007,140001
2252,"2026-01-06 00:00:00",INV-P26-0054-0009,2026.01.00057,260106000000031,5468,"App\Models\KartuStock",2009909.01,32323,JP-2601-000182,12103153.15,26010600000007,140001
1933,"2026-01-07 00:00:00",INV-P26-0047-0001,ESM-07-01-2025-01,260107000000001,5171,"App\Models\KartuStock",1280000.00,32003,JP-2601-000028,9453063.06,26010700000001,140001
1934,"2026-01-07 00:00:00",INV-P26-0047-0001,ESM-07-01-2025-01,260107000000002,5172,"App\Models\KartuStock",440000.00,32003,JP-2601-000028,9453063.06,26010700000001,140001
1935,"2026-01-07 00:00:00",INV-P26-0047-0001,ESM-07-01-2025-01,260107000000003,5173,"App\Models\KartuStock",480000.00,32003,JP-2601-000028,9453063.06,26010700000001,140001
1936,"2026-01-07 00:00:00",INV-P26-0047-0001,ESM-07-01-2025-01,260107000000004,5174,"App\Models\KartuStock",640000.00,32003,JP-2601-000028,9453063.06,26010700000001,140001
1937,"2026-01-07 00:00:00",INV-P26-0047-0001,ESM-07-01-2025-01,260107000000005,5175,"App\Models\KartuStock",5405405.41,32003,JP-2601-000028,9453063.06,26010700000001,140001
1938,"2026-01-07 00:00:00",INV-P26-0047-0001,ESM-07-01-2025-01,260107000000006,5176,"App\Models\KartuStock",574324.32,32003,JP-2601-000028,9453063.06,26010700000001,140001
1939,"2026-01-07 00:00:00",INV-P26-0047-0001,ESM-07-01-2025-01,260107000000007,5177,"App\Models\KartuStock",433333.33,32003,JP-2601-000028,9453063.06,26010700000001,140001
1940,"2026-01-07 00:00:00",INV-P26-0047-0001,ESM-07-01-2025-01,260107000000008,5178,"App\Models\KartuStock",200000.00,32003,JP-2601-000028,9453063.06,26010700000001,140001
1941,"2026-01-08 00:00:00",INV-P26-0064-0001,BDS-8331,260108000000001,5193,"App\Models\KartuStock",2648648.65,32023,JP-2601-000036,2648648.65,26010800000004,140001
1942,"2026-01-08 00:00:00",INV-P26-0040-0004,S-062667,260108000000002,6983,"App\Models\KartuStock",5292972.97,42358,JP-2601-000186,10011891.89,26010800000005,140001
1943,"2026-01-08 00:00:00",INV-P26-0040-0004,S-062667,260108000000003,6984,"App\Models\KartuStock",4718918.92,42358,JP-2601-000186,10011891.89,26010800000005,140001
1944,"2026-01-08 00:00:00",INV-P26-0042-0001,KSP-26-00077,260108000000004,5189,"App\Models\KartuStock",2306485.05,32015,JP-2601-000034,3613584.14,26010800000003,140001
1945,"2026-01-08 00:00:00",INV-P26-0042-0001,KSP-26-00077,260108000000005,5190,"App\Models\KartuStock",1307099.10,32015,JP-2601-000034,3613584.14,26010800000003,140001
1946,"2026-01-08 00:00:00",INV-P26-0043-0002,CI2601-00821,260108000000006,5181,"App\Models\KartuStock",1134810.81,32011,JP-2601-000032,11055590.99,26010800000002,140001
1947,"2026-01-08 00:00:00",INV-P26-0043-0002,CI2601-00821,260108000000007,5182,"App\Models\KartuStock",454954.95,32011,JP-2601-000032,11055590.99,26010800000002,140001
1948,"2026-01-08 00:00:00",INV-P26-0043-0002,CI2601-00821,260108000000008,5183,"App\Models\KartuStock",1574356.76,32011,JP-2601-000032,11055590.99,26010800000002,140001
1949,"2026-01-08 00:00:00",INV-P26-0043-0002,CI2601-00821,260108000000009,5184,"App\Models\KartuStock",454954.95,32011,JP-2601-000032,11055590.99,26010800000002,140001
1950,"2026-01-08 00:00:00",INV-P26-0043-0002,CI2601-00821,260108000000010,5185,"App\Models\KartuStock",3667054.05,32011,JP-2601-000032,11055590.99,26010800000002,140001
1951,"2026-01-08 00:00:00",INV-P26-0043-0002,CI2601-00821,260108000000011,5186,"App\Models\KartuStock",2837027.03,32011,JP-2601-000032,11055590.99,26010800000002,140001
1952,"2026-01-08 00:00:00",INV-P26-0043-0002,CI2601-00821,260108000000012,5187,"App\Models\KartuStock",454954.95,32011,JP-2601-000032,11055590.99,26010800000002,140001
1953,"2026-01-08 00:00:00",INV-P26-0043-0002,CI2601-00821,260108000000013,5188,"App\Models\KartuStock",477477.48,32011,JP-2601-000032,11055590.99,26010800000002,140001
1954,"2026-01-08 00:00:00",INV-P26-0053-0001,UBB-2026-01-00074,260108000000014,5179,"App\Models\KartuStock",181081.08,32007,JP-2601-000030,649099.82,26010800000001,140001
1955,"2026-01-08 00:00:00",INV-P26-0053-0001,UBB-2026-01-00074,260108000000015,5180,"App\Models\KartuStock",468018.74,32007,JP-2601-000030,649099.82,26010800000001,140001
1956,"2026-01-09 00:00:00",INV-P26-0048-0001,0090-JL-UTM-0126,260109000000001,5202,"App\Models\KartuStock",513513.51,32039,JP-2601-000044,513513.51,26010900000004,140001
1957,"2026-01-09 00:00:00",INV-P26-0049-0005,T260109-224,260109000000002,5199,"App\Models\KartuStock",588648.65,32035,JP-2601-000042,1561621.62,26010900000003,140001
1958,"2026-01-09 00:00:00",INV-P26-0049-0005,T260109-224,260109000000003,5200,"App\Models\KartuStock",410810.81,32035,JP-2601-000042,1561621.62,26010900000003,140001
1959,"2026-01-09 00:00:00",INV-P26-0049-0005,T260109-224,260109000000004,5201,"App\Models\KartuStock",562162.16,32035,JP-2601-000042,1561621.62,26010900000003,140001
1960,"2026-01-09 00:00:00",INV-P26-0049-0004,T260109-322,260109000000005,5197,"App\Models\KartuStock",1345945.95,32031,JP-2601-000040,2167567.57,26010900000002,140001
1961,"2026-01-09 00:00:00",INV-P26-0049-0004,T260109-322,260109000000006,5198,"App\Models\KartuStock",821621.62,32031,JP-2601-000040,2167567.57,26010900000002,140001
1962,"2026-01-09 00:00:00",INV-P26-0045-0001,PI260102402107,260109000000007,5194,"App\Models\KartuStock",2118936.22,32027,JP-2601-000038,4787782.35,26010900000001,140001
1963,"2026-01-09 00:00:00",INV-P26-0045-0001,PI260102402107,260109000000008,5195,"App\Models\KartuStock",1476955.59,32027,JP-2601-000038,4787782.35,26010900000001,140001
1964,"2026-01-09 00:00:00",INV-P26-0045-0001,PI260102402107,260109000000009,5196,"App\Models\KartuStock",1191890.54,32027,JP-2601-000038,4787782.35,26010900000001,140001
1965,"2026-01-10 00:00:00",INV-P26-0047-0002,ESM-10-01-2026-01,260110000000001,5220,"App\Models\KartuStock",2438963.96,32059,JP-2601-000054,4187612.61,26011000000005,140001
1966,"2026-01-10 00:00:00",INV-P26-0047-0002,ESM-10-01-2026-01,260110000000002,5221,"App\Models\KartuStock",600000.00,32059,JP-2601-000054,4187612.61,26011000000005,140001
1967,"2026-01-10 00:00:00",INV-P26-0047-0002,ESM-10-01-2026-01,260110000000003,5222,"App\Models\KartuStock",1148648.65,32059,JP-2601-000054,4187612.61,26011000000005,140001
1968,"2026-01-10 00:00:00",INV-P26-0040-0007,S.062753,260110000000004,5217,"App\Models\KartuStock",6162162.16,32055,JP-2601-000052,20789189.19,26011000000004,140001
1969,"2026-01-10 00:00:00",INV-P26-0040-0007,S.062753,260110000000005,5218,"App\Models\KartuStock",4248648.65,32055,JP-2601-000052,20789189.19,26011000000004,140001
1970,"2026-01-10 00:00:00",INV-P26-0040-0007,S.062753,260110000000006,5219,"App\Models\KartuStock",10378378.38,32055,JP-2601-000052,20789189.19,26011000000004,140001
1971,"2026-01-10 00:00:00",INV-P26-0040-0006,S.062754,260110000000007,5216,"App\Models\KartuStock",1548648.65,32051,JP-2601-000050,1548648.65,26011000000003,140001
1972,"2026-01-10 00:00:00",INV-P26-0040-0005,S.062774,260110000000008,5212,"App\Models\KartuStock",2646486.49,32047,JP-2601-000048,9430270.27,26011000000002,140001
1973,"2026-01-10 00:00:00",INV-P26-0040-0005,S.062774,260110000000009,5213,"App\Models\KartuStock",2064864.86,32047,JP-2601-000048,9430270.27,26011000000002,140001
1974,"2026-01-10 00:00:00",INV-P26-0040-0005,S.062774,260110000000010,5214,"App\Models\KartuStock",3145945.95,32047,JP-2601-000048,9430270.27,26011000000002,140001
1975,"2026-01-10 00:00:00",INV-P26-0040-0005,S.062774,260110000000011,5215,"App\Models\KartuStock",1572972.97,32047,JP-2601-000048,9430270.27,26011000000002,140001
1976,"2026-01-10 00:00:00",INV-P26-0036-0002,FP-00085-01-26,260110000000012,5203,"App\Models\KartuStock",3040467.57,32043,JP-2601-000046,20649222.52,26011000000001,140001
1977,"2026-01-10 00:00:00",INV-P26-0036-0002,FP-00085-01-26,260110000000013,5204,"App\Models\KartuStock",1297279.28,32043,JP-2601-000046,20649222.52,26011000000001,140001
1978,"2026-01-10 00:00:00",INV-P26-0036-0002,FP-00085-01-26,260110000000014,5205,"App\Models\KartuStock",1513502.70,32043,JP-2601-000046,20649222.52,26011000000001,140001
1979,"2026-01-10 00:00:00",INV-P26-0036-0002,FP-00085-01-26,260110000000015,5206,"App\Models\KartuStock",113511.71,32043,JP-2601-000046,20649222.52,26011000000001,140001
1980,"2026-01-10 00:00:00",INV-P26-0036-0002,FP-00085-01-26,260110000000016,5207,"App\Models\KartuStock",4864797.30,32043,JP-2601-000046,20649222.52,26011000000001,140001
1981,"2026-01-10 00:00:00",INV-P26-0036-0002,FP-00085-01-26,260110000000017,5208,"App\Models\KartuStock",810801.80,32043,JP-2601-000046,20649222.52,26011000000001,140001
1982,"2026-01-10 00:00:00",INV-P26-0036-0002,FP-00085-01-26,260110000000018,5209,"App\Models\KartuStock",2590000.00,32043,JP-2601-000046,20649222.52,26011000000001,140001
1983,"2026-01-10 00:00:00",INV-P26-0036-0002,FP-00085-01-26,260110000000019,5210,"App\Models\KartuStock",1351318.92,32043,JP-2601-000046,20649222.52,26011000000001,140001
1984,"2026-01-10 00:00:00",INV-P26-0036-0002,FP-00085-01-26,260110000000020,5211,"App\Models\KartuStock",5067543.24,32043,JP-2601-000046,20649222.52,26011000000001,140001
1985,"2026-01-12 00:00:00",INV-P26-0039-0002,KM02568,260112000000001,5242,"App\Models\KartuStock",6849729.73,32071,JP-2601-000060,6849729.73,26011200000003,140001
1986,"2026-01-12 00:00:00",INV-P26-0039-0001,KM02569,260112000000002,6985,"App\Models\KartuStock",778378.38,42362,JP-2601-000188,778378.38,26011200000004,140001
1987,"2026-01-12 00:00:00",INV-P26-0046-0003,726010272,260112000000003,5233,"App\Models\KartuStock",2962301.98,32067,JP-2601-000058,43422801.98,26011200000002,140001
1988,"2026-01-12 00:00:00",INV-P26-0046-0003,726010272,260112000000004,5234,"App\Models\KartuStock",2677500.00,32067,JP-2601-000058,43422801.98,26011200000002,140001
1989,"2026-01-12 00:00:00",INV-P26-0046-0003,726010272,260112000000005,5235,"App\Models\KartuStock",1137000.00,32067,JP-2601-000058,43422801.98,26011200000002,140001
1990,"2026-01-12 00:00:00",INV-P26-0046-0003,726010272,260112000000006,5236,"App\Models\KartuStock",833000.00,32067,JP-2601-000058,43422801.98,26011200000002,140001
1991,"2026-01-12 00:00:00",INV-P26-0046-0003,726010272,260112000000007,5237,"App\Models\KartuStock",13960000.00,32067,JP-2601-000058,43422801.98,26011200000002,140001
1992,"2026-01-12 00:00:00",INV-P26-0046-0003,726010272,260112000000008,5238,"App\Models\KartuStock",3004000.00,32067,JP-2601-000058,43422801.98,26011200000002,140001
1993,"2026-01-12 00:00:00",INV-P26-0046-0003,726010272,260112000000009,5239,"App\Models\KartuStock",16460000.00,32067,JP-2601-000058,43422801.98,26011200000002,140001
1994,"2026-01-12 00:00:00",INV-P26-0046-0003,726010272,260112000000010,5240,"App\Models\KartuStock",1135000.00,32067,JP-2601-000058,43422801.98,26011200000002,140001
1995,"2026-01-12 00:00:00",INV-P26-0046-0003,726010272,260112000000011,5241,"App\Models\KartuStock",1254000.00,32067,JP-2601-000058,43422801.98,26011200000002,140001
1996,"2026-01-12 00:00:00",INV-P26-0046-0002,726010271,260112000000012,5223,"App\Models\KartuStock",1743000.00,32063,JP-2601-000056,21030800.00,26011200000001,140001
1997,"2026-01-12 00:00:00",INV-P26-0046-0002,726010271,260112000000013,5224,"App\Models\KartuStock",2297000.00,32063,JP-2601-000056,21030800.00,26011200000001,140001
1998,"2026-01-12 00:00:00",INV-P26-0046-0002,726010271,260112000000014,5225,"App\Models\KartuStock",1096800.00,32063,JP-2601-000056,21030800.00,26011200000001,140001
1999,"2026-01-12 00:00:00",INV-P26-0046-0002,726010271,260112000000015,5226,"App\Models\KartuStock",1085500.00,32063,JP-2601-000056,21030800.00,26011200000001,140001
2000,"2026-01-12 00:00:00",INV-P26-0046-0002,726010271,260112000000016,5227,"App\Models\KartuStock",2180000.00,32063,JP-2601-000056,21030800.00,26011200000001,140001
2001,"2026-01-12 00:00:00",INV-P26-0046-0002,726010271,260112000000017,5228,"App\Models\KartuStock",1194000.00,32063,JP-2601-000056,21030800.00,26011200000001,140001
2002,"2026-01-12 00:00:00",INV-P26-0046-0002,726010271,260112000000018,5229,"App\Models\KartuStock",7728600.00,32063,JP-2601-000056,21030800.00,26011200000001,140001
2003,"2026-01-12 00:00:00",INV-P26-0046-0002,726010271,260112000000019,5230,"App\Models\KartuStock",1107900.00,32063,JP-2601-000056,21030800.00,26011200000001,140001
2004,"2026-01-12 00:00:00",INV-P26-0046-0002,726010271,260112000000020,5231,"App\Models\KartuStock",914000.00,32063,JP-2601-000056,21030800.00,26011200000001,140001
2005,"2026-01-12 00:00:00",INV-P26-0046-0002,726010271,260112000000021,5232,"App\Models\KartuStock",1684000.00,32063,JP-2601-000056,21030800.00,26011200000001,140001
2006,"2026-01-13 00:00:00",INV-P26-0052-0005,Y2601229,260113000000001,5253,"App\Models\KartuStock",666659.50,32087,JP-2601-000068,7490920.26,26011300000004,140001
2007,"2026-01-13 00:00:00",INV-P26-0052-0005,Y2601229,260113000000002,5254,"App\Models\KartuStock",1333319.01,32087,JP-2601-000068,7490920.26,26011300000004,140001
2008,"2026-01-13 00:00:00",INV-P26-0052-0005,Y2601229,260113000000003,5255,"App\Models\KartuStock",1999980.05,32087,JP-2601-000068,7490920.26,26011300000004,140001
2009,"2026-01-13 00:00:00",INV-P26-0052-0005,Y2601229,260113000000004,5256,"App\Models\KartuStock",720720.00,32087,JP-2601-000068,7490920.26,26011300000004,140001
2010,"2026-01-13 00:00:00",INV-P26-0052-0005,Y2601229,260113000000005,5257,"App\Models\KartuStock",889625.41,32087,JP-2601-000068,7490920.26,26011300000004,140001
2011,"2026-01-13 00:00:00",INV-P26-0052-0005,Y2601229,260113000000006,5258,"App\Models\KartuStock",889625.30,32087,JP-2601-000068,7490920.26,26011300000004,140001
2012,"2026-01-13 00:00:00",INV-P26-0052-0005,Y2601229,260113000000007,5259,"App\Models\KartuStock",990990.99,32087,JP-2601-000068,7490920.26,26011300000004,140001
2013,"2026-01-13 00:00:00",INV-P26-0052-0004,Y2601228,260113000000008,5246,"App\Models\KartuStock",1459200.00,32083,JP-2601-000066,10714950.45,26011300000003,140001
2014,"2026-01-13 00:00:00",INV-P26-0052-0004,Y2601228,260113000000009,5247,"App\Models\KartuStock",1945600.00,32083,JP-2601-000066,10714950.45,26011300000003,140001
2015,"2026-01-13 00:00:00",INV-P26-0052-0004,Y2601228,260113000000010,5248,"App\Models\KartuStock",1116800.00,32083,JP-2601-000066,10714950.45,26011300000003,140001
2016,"2026-01-13 00:00:00",INV-P26-0052-0004,Y2601228,260113000000011,5249,"App\Models\KartuStock",945900.00,32083,JP-2601-000066,10714950.45,26011300000003,140001
2017,"2026-01-13 00:00:00",INV-P26-0052-0004,Y2601228,260113000000012,5250,"App\Models\KartuStock",355850.45,32083,JP-2601-000066,10714950.45,26011300000003,140001
2018,"2026-01-13 00:00:00",INV-P26-0052-0004,Y2601228,260113000000013,5251,"App\Models\KartuStock",4486200.00,32083,JP-2601-000066,10714950.45,26011300000003,140001
2019,"2026-01-13 00:00:00",INV-P26-0052-0004,Y2601228,260113000000014,5252,"App\Models\KartuStock",405400.00,32083,JP-2601-000066,10714950.45,26011300000003,140001
2020,"2026-01-13 00:00:00",INV-P26-0056-0001,INV-SIP-012026-0129,260113000000015,5244,"App\Models\KartuStock",2621621.62,32079,JP-2601-000064,5587837.84,26011300000002,140001
2021,"2026-01-13 00:00:00",INV-P26-0056-0001,INV-SIP-012026-0129,260113000000016,5245,"App\Models\KartuStock",2966216.22,32079,JP-2601-000064,5587837.84,26011300000002,140001
2022,"2026-01-13 00:00:00",INV-P26-0041-0001,GPC-70154,260113000000017,5243,"App\Models\KartuStock",4752251.89,32075,JP-2601-000062,4752251.89,26011300000001,140001
2023,"2026-01-14 00:00:00",INV-P26-0040-0008,S-062922,260114000000001,5269,"App\Models\KartuStock",5506306.31,32103,JP-2601-000076,9814414.41,26011400000004,140001
2024,"2026-01-14 00:00:00",INV-P26-0040-0008,S-062922,260114000000002,5270,"App\Models\KartuStock",1572972.97,32103,JP-2601-000076,9814414.41,26011400000004,140001
2025,"2026-01-14 00:00:00",INV-P26-0040-0008,S-062922,260114000000003,5271,"App\Models\KartuStock",1572972.97,32103,JP-2601-000076,9814414.41,26011400000004,140001
2026,"2026-01-14 00:00:00",INV-P26-0040-0008,S-062922,260114000000004,5272,"App\Models\KartuStock",1162162.16,32103,JP-2601-000076,9814414.41,26011400000004,140001
2027,"2026-01-14 00:00:00",INV-P26-0038-0002,SA02-26-A-0954,260114000000005,5267,"App\Models\KartuStock",97500.00,32099,JP-2601-000074,3700500.00,26011400000003,140001
2028,"2026-01-14 00:00:00",INV-P26-0038-0002,SA02-26-A-0954,260114000000006,5268,"App\Models\KartuStock",3603000.00,32099,JP-2601-000074,3700500.00,26011400000003,140001
2030,"2026-01-14 00:00:00",INV-P26-0057-0001,HLB-0126-005,260114000000007,5263,"App\Models\KartuStock",2939189.19,32095,JP-2601-000072,7061711.71,26011400000002,140001
2031,"2026-01-14 00:00:00",INV-P26-0057-0001,HLB-0126-005,260114000000008,5264,"App\Models\KartuStock",2939189.19,32095,JP-2601-000072,7061711.71,26011400000002,140001
2032,"2026-01-14 00:00:00",INV-P26-0057-0001,HLB-0126-005,260114000000009,5265,"App\Models\KartuStock",591666.67,32095,JP-2601-000072,7061711.71,26011400000002,140001
2033,"2026-01-14 00:00:00",INV-P26-0057-0001,HLB-0126-005,260114000000010,5266,"App\Models\KartuStock",591666.67,32095,JP-2601-000072,7061711.71,26011400000002,140001
2034,"2026-01-14 00:00:00",INV-P26-0054-0005,2026-01-00177,260114000000011,5260,"App\Models\KartuStock",3320720.72,32091,JP-2601-000070,7384234.23,26011400000001,140001
2035,"2026-01-14 00:00:00",INV-P26-0054-0005,2026-01-00177,260114000000012,5261,"App\Models\KartuStock",3408108.11,32091,JP-2601-000070,7384234.23,26011400000001,140001
2036,"2026-01-14 00:00:00",INV-P26-0054-0005,2026-01-00177,260114000000013,5262,"App\Models\KartuStock",655405.41,32091,JP-2601-000070,7384234.23,26011400000001,140001
2037,"2026-01-14 00:00:00",INV-P26-0049-0006,T260114-165,260114000000014,6986,"App\Models\KartuStock",1306306.31,42366,JP-2601-000190,9211171.17,26011400000006,140001
2038,"2026-01-14 00:00:00",INV-P26-0049-0006,T260114-165,260114000000015,6987,"App\Models\KartuStock",203603.60,42366,JP-2601-000190,9211171.17,26011400000006,140001
2039,"2026-01-14 00:00:00",INV-P26-0049-0006,T260114-165,260114000000016,6988,"App\Models\KartuStock",153333.33,42366,JP-2601-000190,9211171.17,26011400000006,140001
2040,"2026-01-14 00:00:00",INV-P26-0049-0006,T260114-165,260114000000017,6989,"App\Models\KartuStock",3349549.55,42366,JP-2601-000190,9211171.17,26011400000006,140001
2041,"2026-01-14 00:00:00",INV-P26-0049-0006,T260114-165,260114000000018,6990,"App\Models\KartuStock",463963.96,42366,JP-2601-000190,9211171.17,26011400000006,140001
2042,"2026-01-14 00:00:00",INV-P26-0049-0006,T260114-165,260114000000019,6991,"App\Models\KartuStock",360180.18,42366,JP-2601-000190,9211171.17,26011400000006,140001
2043,"2026-01-14 00:00:00",INV-P26-0049-0006,T260114-165,260114000000020,6992,"App\Models\KartuStock",376576.58,42366,JP-2601-000190,9211171.17,26011400000006,140001
2044,"2026-01-14 00:00:00",INV-P26-0049-0006,T260114-165,260114000000021,6993,"App\Models\KartuStock",309009.01,42366,JP-2601-000190,9211171.17,26011400000006,140001
2045,"2026-01-14 00:00:00",INV-P26-0049-0006,T260114-165,260114000000022,6994,"App\Models\KartuStock",812972.97,42366,JP-2601-000190,9211171.17,26011400000006,140001
2046,"2026-01-14 00:00:00",INV-P26-0049-0006,T260114-165,260114000000023,6995,"App\Models\KartuStock",785585.59,42366,JP-2601-000190,9211171.17,26011400000006,140001
2047,"2026-01-14 00:00:00",INV-P26-0049-0006,T260114-165,260114000000024,6996,"App\Models\KartuStock",189189.19,42366,JP-2601-000190,9211171.17,26011400000006,140001
2048,"2026-01-14 00:00:00",INV-P26-0049-0006,T260114-165,260114000000025,6997,"App\Models\KartuStock",216216.22,42366,JP-2601-000190,9211171.17,26011400000006,140001
2049,"2026-01-14 00:00:00",INV-P26-0049-0006,T260114-165,260114000000026,6998,"App\Models\KartuStock",43243.24,42366,JP-2601-000190,9211171.17,26011400000006,140001
2050,"2026-01-14 00:00:00",INV-P26-0049-0006,T260114-165,260114000000027,6999,"App\Models\KartuStock",320720.72,42366,JP-2601-000190,9211171.17,26011400000006,140001
2051,"2026-01-14 00:00:00",INV-P26-0049-0006,T260114-165,260114000000028,7000,"App\Models\KartuStock",320720.72,42366,JP-2601-000190,9211171.17,26011400000006,140001
2235,"2026-01-14 00:00:00",INV-P26-0055-0001,JLPPN00024921,260114000000029,5273,"App\Models\KartuStock",1986486.49,32107,JP-2601-000078,1986486.49,26011400000005,140001
2052,"2026-01-15 00:00:00",INV-P26-0046-0004,726010367,260115000000001,7001,"App\Models\KartuStock",2792000.00,42370,JP-2601-000192,2792000.00,26011500000006,140001
2053,"2026-01-15 00:00:00",INV-P26-0042-0003,KSP-26-00201,260115000000002,5294,"App\Models\KartuStock",735581.93,32131,JP-2601-000088,1664002.47,26011500000005,140001
2054,"2026-01-15 00:00:00",INV-P26-0042-0003,KSP-26-00201,260115000000003,5295,"App\Models\KartuStock",928420.54,32131,JP-2601-000088,1664002.47,26011500000005,140001
2055,"2026-01-15 00:00:00",INV-P26-0042-0002,KSP-26-00200,260115000000004,5293,"App\Models\KartuStock",717938.59,32127,JP-2601-000086,717938.59,26011500000004,140001
2056,"2026-01-15 00:00:00",INV-P26-0039-0004,KM02594,260115000000005,5292,"App\Models\KartuStock",6162162.16,32123,JP-2601-000084,6162162.16,26011500000003,140001
2057,"2026-01-15 00:00:00",INV-P26-0039-0003,KM02593,260115000000006,5290,"App\Models\KartuStock",155675.68,32119,JP-2601-000082,10101622.16,26011500000002,140001
2058,"2026-01-15 00:00:00",INV-P26-0039-0003,KM02593,260115000000007,5291,"App\Models\KartuStock",9945946.49,32119,JP-2601-000082,10101622.16,26011500000002,140001
2059,"2026-01-15 00:00:00",INV-P26-0065-0001,238-ORI-1-IBJ-I-2026,260115000000008,5289,"App\Models\KartuStock",18319819.82,32115,JP-2601-000080,18319819.82,26011500000001,140001
2060,"2026-01-17 00:00:00",INV-P26-0043-0003,CI2601-01758,260117000000001,5302,"App\Models\KartuStock",454954.95,32147,JP-2601-000094,1779279.28,26011700000003,140001
2061,"2026-01-17 00:00:00",INV-P26-0043-0003,CI2601-01758,260117000000002,5303,"App\Models\KartuStock",1324324.32,32147,JP-2601-000094,1779279.28,26011700000003,140001
2062,"2026-01-17 00:00:00",INV-P26-0045-0002,PI260102403968,260117000000003,5300,"App\Models\KartuStock",3178378.38,32143,JP-2601-000092,6489189.19,26011700000002,140001
2063,"2026-01-17 00:00:00",INV-P26-0045-0002,PI260102403968,260117000000004,5301,"App\Models\KartuStock",3310810.81,32143,JP-2601-000092,6489189.19,26011700000002,140001
2064,"2026-01-17 00:00:00",INV-P26-0059-0001,BHD-19-01-2026,260117000000005,7002,"App\Models\KartuStock",928288.29,42374,JP-2601-000194,4348450.45,26011700000004,140001
2065,"2026-01-17 00:00:00",INV-P26-0059-0001,BHD-19-01-2026,260117000000006,7003,"App\Models\KartuStock",401711.71,42374,JP-2601-000194,4348450.45,26011700000004,140001
2066,"2026-01-17 00:00:00",INV-P26-0059-0001,BHD-19-01-2026,260117000000007,7004,"App\Models\KartuStock",825810.81,42374,JP-2601-000194,4348450.45,26011700000004,140001
2067,"2026-01-17 00:00:00",INV-P26-0059-0001,BHD-19-01-2026,260117000000008,7005,"App\Models\KartuStock",287567.57,42374,JP-2601-000194,4348450.45,26011700000004,140001
2068,"2026-01-17 00:00:00",INV-P26-0059-0001,BHD-19-01-2026,260117000000009,7006,"App\Models\KartuStock",346054.05,42374,JP-2601-000194,4348450.45,26011700000004,140001
2069,"2026-01-17 00:00:00",INV-P26-0059-0001,BHD-19-01-2026,260117000000010,7007,"App\Models\KartuStock",1278477.48,42374,JP-2601-000194,4348450.45,26011700000004,140001
2070,"2026-01-17 00:00:00",INV-P26-0059-0001,BHD-19-01-2026,260117000000011,7008,"App\Models\KartuStock",280540.54,42374,JP-2601-000194,4348450.45,26011700000004,140001
2071,"2026-01-17 00:00:00",INV-P26-0040-0009,S.063006,260117000000012,5297,"App\Models\KartuStock",2315675.68,32139,JP-2601-000090,9099459.46,26011700000001,140001
2072,"2026-01-17 00:00:00",INV-P26-0040-0009,S.063006,260117000000013,5298,"App\Models\KartuStock",2064864.86,32139,JP-2601-000090,9099459.46,26011700000001,140001
2073,"2026-01-17 00:00:00",INV-P26-0040-0009,S.063006,260117000000014,5299,"App\Models\KartuStock",4718918.92,32139,JP-2601-000090,9099459.46,26011700000001,140001
2074,"2026-01-19 00:00:00",INV-P26-0044-0002,JL-26-01-0066,260119000000001,5319,"App\Models\KartuStock",15765765.77,32179,JP-2601-000110,29403153.15,26011900000008,140001
2075,"2026-01-19 00:00:00",INV-P26-0044-0002,JL-26-01-0066,260119000000002,5320,"App\Models\KartuStock",371621.62,32179,JP-2601-000110,29403153.15,26011900000008,140001
2076,"2026-01-19 00:00:00",INV-P26-0044-0002,JL-26-01-0066,260119000000003,5321,"App\Models\KartuStock",8671171.17,32179,JP-2601-000110,29403153.15,26011900000008,140001
2077,"2026-01-19 00:00:00",INV-P26-0044-0002,JL-26-01-0066,260119000000004,5322,"App\Models\KartuStock",4594594.59,32179,JP-2601-000110,29403153.15,26011900000008,140001
2078,"2026-01-19 00:00:00",INV-P26-0050-0001,NNMS/FK/2026/0095,260119000000005,5317,"App\Models\KartuStock",3784320.00,32175,JP-2601-000108,4854600.00,26011900000007,140001
2079,"2026-01-19 00:00:00",INV-P26-0050-0001,NNMS/FK/2026/0095,260119000000006,5318,"App\Models\KartuStock",1070280.00,32175,JP-2601-000108,4854600.00,26011900000007,140001
2080,"2026-01-19 00:00:00",INV-P26-0054-0006,2026-01-00225,260119000000007,5314,"App\Models\KartuStock",12671171.17,32171,JP-2601-000106,18447477.48,26011900000006,140001
2081,"2026-01-19 00:00:00",INV-P26-0054-0006,2026-01-00225,260119000000008,5315,"App\Models\KartuStock",3757657.66,32171,JP-2601-000106,18447477.48,26011900000006,140001
2082,"2026-01-19 00:00:00",INV-P26-0054-0006,2026-01-00225,260119000000009,5316,"App\Models\KartuStock",2018648.65,32171,JP-2601-000106,18447477.48,26011900000006,140001
2083,"2026-01-19 00:00:00",INV-P26-0038-0003,SA02-26-A-1167,260119000000010,5313,"App\Models\KartuStock",1314624.00,32167,JP-2601-000104,1314624.00,26011900000005,140001
2084,"2026-01-19 00:00:00",INV-P26-0040-0011,S-063024,260119000000011,5312,"App\Models\KartuStock",1310810.81,32163,JP-2601-000102,1310810.81,26011900000004,140001
2085,"2026-01-19 00:00:00",INV-P26-0049-0007,T260119-142,260119000000012,5308,"App\Models\KartuStock",397837.84,32159,JP-2601-000100,3168918.92,26011900000003,140001
2086,"2026-01-19 00:00:00",INV-P26-0049-0007,T260119-142,260119000000013,5309,"App\Models\KartuStock",311891.89,32159,JP-2601-000100,3168918.92,26011900000003,140001
2087,"2026-01-19 00:00:00",INV-P26-0049-0007,T260119-142,260119000000014,5310,"App\Models\KartuStock",378108.11,32159,JP-2601-000100,3168918.92,26011900000003,140001
2088,"2026-01-19 00:00:00",INV-P26-0049-0007,T260119-142,260119000000015,5311,"App\Models\KartuStock",2081081.08,32159,JP-2601-000100,3168918.92,26011900000003,140001
2089,"2026-01-19 00:00:00",INV-P26-0060-0001,260100233,260119000000016,5306,"App\Models\KartuStock",2362162.16,32155,JP-2601-000098,6497297.30,26011900000002,140001
2090,"2026-01-19 00:00:00",INV-P26-0060-0001,260100233,260119000000017,5307,"App\Models\KartuStock",4135135.14,32155,JP-2601-000098,6497297.30,26011900000002,140001
2091,"2026-01-19 00:00:00",INV-P26-0040-0010,S.063021,260119000000018,5304,"App\Models\KartuStock",9275675.68,32151,JP-2601-000096,11524325.41,26011900000001,140001
2092,"2026-01-19 00:00:00",INV-P26-0040-0010,S.063021,260119000000019,5305,"App\Models\KartuStock",2248649.73,32151,JP-2601-000096,11524325.41,26011900000001,140001
2093,"2026-01-20 00:00:00",INV-P26-0037-0004,SO2601KD-00605,260120000000001,5323,"App\Models\KartuStock",481621.62,32183,JP-2601-000112,8815675.68,26012000000001,140001
2094,"2026-01-20 00:00:00",INV-P26-0037-0004,SO2601KD-00605,260120000000002,5324,"App\Models\KartuStock",701351.35,32183,JP-2601-000112,8815675.68,26012000000001,140001
2095,"2026-01-20 00:00:00",INV-P26-0037-0004,SO2601KD-00605,260120000000003,5325,"App\Models\KartuStock",1257657.66,32183,JP-2601-000112,8815675.68,26012000000001,140001
2096,"2026-01-20 00:00:00",INV-P26-0037-0004,SO2601KD-00605,260120000000004,5326,"App\Models\KartuStock",628378.38,32183,JP-2601-000112,8815675.68,26012000000001,140001
2097,"2026-01-20 00:00:00",INV-P26-0037-0004,SO2601KD-00605,260120000000005,5327,"App\Models\KartuStock",693693.69,32183,JP-2601-000112,8815675.68,26012000000001,140001
2098,"2026-01-20 00:00:00",INV-P26-0037-0004,SO2601KD-00605,260120000000006,5328,"App\Models\KartuStock",5052972.97,32183,JP-2601-000112,8815675.68,26012000000001,140001
2099,"2026-01-21 00:00:00",INV-P26-0049-0008,T260121-120,260121000000001,5360,"App\Models\KartuStock",1345945.95,32211,JP-2601-000126,5445405.41,26012100000007,140001
2100,"2026-01-21 00:00:00",INV-P26-0049-0008,T260121-120,260121000000002,5361,"App\Models\KartuStock",588648.65,32211,JP-2601-000126,5445405.41,26012100000007,140001
2101,"2026-01-21 00:00:00",INV-P26-0049-0008,T260121-120,260121000000003,5362,"App\Models\KartuStock",410810.81,32211,JP-2601-000126,5445405.41,26012100000007,140001
2102,"2026-01-21 00:00:00",INV-P26-0049-0008,T260121-120,260121000000004,5363,"App\Models\KartuStock",897297.30,32211,JP-2601-000126,5445405.41,26012100000007,140001
2103,"2026-01-21 00:00:00",INV-P26-0049-0008,T260121-120,260121000000005,5364,"App\Models\KartuStock",1177297.30,32211,JP-2601-000126,5445405.41,26012100000007,140001
2104,"2026-01-21 00:00:00",INV-P26-0049-0008,T260121-120,260121000000006,5365,"App\Models\KartuStock",594594.59,32211,JP-2601-000126,5445405.41,26012100000007,140001
2105,"2026-01-21 00:00:00",INV-P26-0049-0008,T260121-120,260121000000007,5366,"App\Models\KartuStock",147027.03,32211,JP-2601-000126,5445405.41,26012100000007,140001
2106,"2026-01-21 00:00:00",INV-P26-0049-0008,T260121-120,260121000000008,5367,"App\Models\KartuStock",283783.78,32211,JP-2601-000126,5445405.41,26012100000007,140001
2107,"2026-01-21 00:00:00",INV-P26-0047-0003,ESM-21-01-2026-01,260121000000009,5355,"App\Models\KartuStock",1216216.22,32207,JP-2601-000124,5348360.52,26012100000006,140001
2108,"2026-01-21 00:00:00",INV-P26-0047-0003,ESM-21-01-2026-01,260121000000010,5356,"App\Models\KartuStock",439189.19,32207,JP-2601-000124,5348360.52,26012100000006,140001
2109,"2026-01-21 00:00:00",INV-P26-0047-0003,ESM-21-01-2026-01,260121000000011,5357,"App\Models\KartuStock",608108.11,32207,JP-2601-000124,5348360.52,26012100000006,140001
2110,"2026-01-21 00:00:00",INV-P26-0047-0003,ESM-21-01-2026-01,260121000000012,5358,"App\Models\KartuStock",2510522.68,32207,JP-2601-000124,5348360.52,26012100000006,140001
2111,"2026-01-21 00:00:00",INV-P26-0047-0003,ESM-21-01-2026-01,260121000000013,5359,"App\Models\KartuStock",574324.32,32207,JP-2601-000124,5348360.52,26012100000006,140001
2112,"2026-01-21 00:00:00",INV-P26-0052-0007,Y2601402,260121000000014,5353,"App\Models\KartuStock",800662.16,32203,JP-2601-000122,1467322.61,26012100000005,140001
2113,"2026-01-21 00:00:00",INV-P26-0052-0007,Y2601402,260121000000015,5354,"App\Models\KartuStock",666660.45,32203,JP-2601-000122,1467322.61,26012100000005,140001
2114,"2026-01-21 00:00:00",INV-P26-0052-0006,Y2601403,260121000000016,5343,"App\Models\KartuStock",252239.64,32199,JP-2601-000120,11078510.18,26012100000004,140001
2115,"2026-01-21 00:00:00",INV-P26-0052-0006,Y2601403,260121000000017,5344,"App\Models\KartuStock",450439.64,32199,JP-2601-000120,11078510.18,26012100000004,140001
2116,"2026-01-21 00:00:00",INV-P26-0052-0006,Y2601403,260121000000018,5345,"App\Models\KartuStock",684000.00,32199,JP-2601-000120,11078510.18,26012100000004,140001
2117,"2026-01-21 00:00:00",INV-P26-0052-0006,Y2601403,260121000000019,5346,"App\Models\KartuStock",1081000.00,32199,JP-2601-000120,11078510.18,26012100000004,140001
2118,"2026-01-21 00:00:00",INV-P26-0052-0006,Y2601403,260121000000020,5347,"App\Models\KartuStock",3350400.00,32199,JP-2601-000120,11078510.18,26012100000004,140001
2119,"2026-01-21 00:00:00",INV-P26-0052-0006,Y2601403,260121000000021,5348,"App\Models\KartuStock",1134900.00,32199,JP-2601-000120,11078510.18,26012100000004,140001
2120,"2026-01-21 00:00:00",INV-P26-0052-0006,Y2601403,260121000000022,5349,"App\Models\KartuStock",952690.00,32199,JP-2601-000120,11078510.18,26012100000004,140001
2121,"2026-01-21 00:00:00",INV-P26-0052-0006,Y2601403,260121000000023,5350,"App\Models\KartuStock",2127840.00,32199,JP-2601-000120,11078510.18,26012100000004,140001
2122,"2026-01-21 00:00:00",INV-P26-0052-0006,Y2601403,260121000000024,5351,"App\Models\KartuStock",463950.45,32199,JP-2601-000120,11078510.18,26012100000004,140001
2123,"2026-01-21 00:00:00",INV-P26-0052-0006,Y2601403,260121000000025,5352,"App\Models\KartuStock",581050.45,32199,JP-2601-000120,11078510.18,26012100000004,140001
2124,"2026-01-21 00:00:00",INV-P26-0044-0003,Jl-26-01-0080,260121000000026,5337,"App\Models\KartuStock",4270270.27,32195,JP-2601-000118,15948198.56,26012100000003,140001
2125,"2026-01-21 00:00:00",INV-P26-0044-0003,Jl-26-01-0080,260121000000027,5338,"App\Models\KartuStock",373873.87,32195,JP-2601-000118,15948198.56,26012100000003,140001
2126,"2026-01-21 00:00:00",INV-P26-0044-0003,Jl-26-01-0080,260121000000028,5339,"App\Models\KartuStock",110360.36,32195,JP-2601-000118,15948198.56,26012100000003,140001
2127,"2026-01-21 00:00:00",INV-P26-0044-0003,Jl-26-01-0080,260121000000029,5340,"App\Models\KartuStock",743243.24,32195,JP-2601-000118,15948198.56,26012100000003,140001
2128,"2026-01-21 00:00:00",INV-P26-0044-0003,Jl-26-01-0080,260121000000030,5341,"App\Models\KartuStock",3243243.24,32195,JP-2601-000118,15948198.56,26012100000003,140001
2129,"2026-01-21 00:00:00",INV-P26-0044-0003,Jl-26-01-0080,260121000000031,5342,"App\Models\KartuStock",7207207.57,32195,JP-2601-000118,15948198.56,26012100000003,140001
2130,"2026-01-21 00:00:00",INV-P26-0043-0004,CI2601-02168,260121000000032,5332,"App\Models\KartuStock",1324324.32,32191,JP-2601-000116,4513378.38,26012100000002,140001
2131,"2026-01-21 00:00:00",INV-P26-0043-0004,CI2601-02168,260121000000033,5333,"App\Models\KartuStock",459459.46,32191,JP-2601-000116,4513378.38,26012100000002,140001
2132,"2026-01-21 00:00:00",INV-P26-0043-0004,CI2601-02168,260121000000034,5334,"App\Models\KartuStock",459459.46,32191,JP-2601-000116,4513378.38,26012100000002,140001
2133,"2026-01-21 00:00:00",INV-P26-0043-0004,CI2601-02168,260121000000035,5335,"App\Models\KartuStock",1166891.89,32191,JP-2601-000116,4513378.38,26012100000002,140001
2134,"2026-01-21 00:00:00",INV-P26-0043-0004,CI2601-02168,260121000000036,5336,"App\Models\KartuStock",1103243.24,32191,JP-2601-000116,4513378.38,26012100000002,140001
2135,"2026-01-21 00:00:00",INV-P26-0040-0012,S.063162,260121000000037,5329,"App\Models\KartuStock",2646486.49,32187,JP-2601-000114,8741981.98,26012100000001,140001
2136,"2026-01-21 00:00:00",INV-P26-0040-0012,S.063162,260121000000038,5330,"App\Models\KartuStock",1376576.58,32187,JP-2601-000114,8741981.98,26012100000001,140001
2137,"2026-01-21 00:00:00",INV-P26-0040-0012,S.063162,260121000000039,5331,"App\Models\KartuStock",4718918.92,32187,JP-2601-000114,8741981.98,26012100000001,140001
2138,"2026-01-22 00:00:00",INV-P26-0054-0007,2026-01-00281,260122000000001,5376,"App\Models\KartuStock",2556983.78,32227,JP-2601-000134,6720947.75,26012200000004,140001
2139,"2026-01-22 00:00:00",INV-P26-0054-0007,2026-01-00281,260122000000002,5377,"App\Models\KartuStock",2920720.72,32227,JP-2601-000134,6720947.75,26012200000004,140001
2140,"2026-01-22 00:00:00",INV-P26-0054-0007,2026-01-00281,260122000000003,5378,"App\Models\KartuStock",432432.43,32227,JP-2601-000134,6720947.75,26012200000004,140001
2141,"2026-01-22 00:00:00",INV-P26-0054-0007,2026-01-00281,260122000000004,5379,"App\Models\KartuStock",324324.32,32227,JP-2601-000134,6720947.75,26012200000004,140001
2142,"2026-01-22 00:00:00",INV-P26-0054-0007,2026-01-00281,260122000000005,5380,"App\Models\KartuStock",225224.86,32227,JP-2601-000134,6720947.75,26012200000004,140001
2143,"2026-01-22 00:00:00",INV-P26-0054-0007,2026-01-00281,260122000000006,5381,"App\Models\KartuStock",261261.62,32227,JP-2601-000134,6720947.75,26012200000004,140001
2144,"2026-01-22 00:00:00",INV-P26-0053-0002,UBB-2026-01-00179,260122000000007,5372,"App\Models\KartuStock",711708.83,32223,JP-2601-000132,1693686.49,26012200000003,140001
2145,"2026-01-22 00:00:00",INV-P26-0053-0002,UBB-2026-01-00179,260122000000008,5373,"App\Models\KartuStock",313510.63,32223,JP-2601-000132,1693686.49,26012200000003,140001
2146,"2026-01-22 00:00:00",INV-P26-0053-0002,UBB-2026-01-00179,260122000000009,5374,"App\Models\KartuStock",241438.56,32223,JP-2601-000132,1693686.49,26012200000003,140001
2147,"2026-01-22 00:00:00",INV-P26-0053-0002,UBB-2026-01-00179,260122000000010,5375,"App\Models\KartuStock",427028.47,32223,JP-2601-000132,1693686.49,26012200000003,140001
2148,"2026-01-22 00:00:00",INV-P26-0036-0003,FP-00234-01-26,260122000000011,5370,"App\Models\KartuStock",2432400.90,32219,JP-2601-000130,4945860.36,26012200000002,140001
2149,"2026-01-22 00:00:00",INV-P26-0036-0003,FP-00234-01-26,260122000000012,5371,"App\Models\KartuStock",2513459.46,32219,JP-2601-000130,4945860.36,26012200000002,140001
2150,"2026-01-22 00:00:00",INV-P26-0062-0001,SPT1-260101089,260122000000013,5368,"App\Models\KartuStock",6027027.03,32215,JP-2601-000128,6700900.90,26012200000001,140001
2151,"2026-01-22 00:00:00",INV-P26-0062-0001,SPT1-260101089,260122000000014,5369,"App\Models\KartuStock",673873.87,32215,JP-2601-000128,6700900.90,26012200000001,140001
3686,"2026-01-22 12:57:27",INV-P26-0053-0007,UBB-2026-01-00179,260122125727001,119,"App\Models\KartuInTransit",524324.00,177599,JP-2601-000199,524324.00,26012212572701,140002
2152,"2026-01-23 00:00:00",INV-P26-0061-0001,FJ-26-01-00354,260123000000001,5390,"App\Models\KartuStock",9513513.51,32243,JP-2601-000142,10745945.95,26012300000004,140001
2153,"2026-01-23 00:00:00",INV-P26-0061-0001,FJ-26-01-00354,260123000000002,5391,"App\Models\KartuStock",1027027.03,32243,JP-2601-000142,10745945.95,26012300000004,140001
2154,"2026-01-23 00:00:00",INV-P26-0061-0001,FJ-26-01-00354,260123000000003,5392,"App\Models\KartuStock",205405.41,32243,JP-2601-000142,10745945.95,26012300000004,140001
2155,"2026-01-23 00:00:00",INV-P26-0038-0004,SA02-26-A-1671,260123000000004,5388,"App\Models\KartuStock",1037808.08,32239,JP-2601-000140,1183747.72,26012300000003,140001
2156,"2026-01-23 00:00:00",INV-P26-0038-0004,SA02-26-A-1671,260123000000005,5389,"App\Models\KartuStock",145939.64,32239,JP-2601-000140,1183747.72,26012300000003,140001
2157,"2026-01-23 00:00:00",INV-P26-0037-0005,SO2601KD-00775,260123000000006,5384,"App\Models\KartuStock",1736216.22,32235,JP-2601-000138,6607702.70,26012300000002,140001
2158,"2026-01-23 00:00:00",INV-P26-0037-0005,SO2601KD-00775,260123000000007,5385,"App\Models\KartuStock",3212027.03,32235,JP-2601-000138,6607702.70,26012300000002,140001
2159,"2026-01-23 00:00:00",INV-P26-0037-0005,SO2601KD-00775,260123000000008,5386,"App\Models\KartuStock",829729.73,32235,JP-2601-000138,6607702.70,26012300000002,140001
2160,"2026-01-23 00:00:00",INV-P26-0037-0005,SO2601KD-00775,260123000000009,5387,"App\Models\KartuStock",829729.73,32235,JP-2601-000138,6607702.70,26012300000002,140001
2161,"2026-01-23 00:00:00",INV-P26-0043-0005,CI2601-02468,260123000000010,5382,"App\Models\KartuStock",6808864.86,32231,JP-2601-000136,8187243.24,26012300000001,140001
2162,"2026-01-23 00:00:00",INV-P26-0043-0005,CI2601-02468,260123000000011,5383,"App\Models\KartuStock",1378378.38,32231,JP-2601-000136,8187243.24,26012300000001,140001
2163,"2026-01-24 00:00:00",INV-P26-0046-0006,726010578,260124000000001,5394,"App\Models\KartuStock",842000.00,32251,JP-2601-000146,842000.00,26012400000002,140001
2164,"2026-01-24 00:00:00",INV-P26-0046-0005,126011026,260124000000002,5393,"App\Models\KartuStock",1173300.00,32247,JP-2601-000144,1173300.00,26012400000001,140001
2165,"2026-01-26 00:00:00",INV-P26-0047-0004,ESM-26-01-2026-01,260126000000001,5400,"App\Models\KartuStock",486486.49,32259,JP-2601-000150,2800494.59,26012600000002,140001
2166,"2026-01-26 00:00:00",INV-P26-0047-0004,ESM-26-01-2026-01,260126000000002,5401,"App\Models\KartuStock",253378.38,32259,JP-2601-000150,2800494.59,26012600000002,140001
2167,"2026-01-26 00:00:00",INV-P26-0047-0004,ESM-26-01-2026-01,260126000000003,5402,"App\Models\KartuStock",304054.05,32259,JP-2601-000150,2800494.59,26012600000002,140001
2168,"2026-01-26 00:00:00",INV-P26-0047-0004,ESM-26-01-2026-01,260126000000004,5403,"App\Models\KartuStock",668737.84,32259,JP-2601-000150,2800494.59,26012600000002,140001
2169,"2026-01-26 00:00:00",INV-P26-0047-0004,ESM-26-01-2026-01,260126000000005,5404,"App\Models\KartuStock",1087837.84,32259,JP-2601-000150,2800494.59,26012600000002,140001
2170,"2026-01-26 00:00:00",INV-P26-0041-0002,071-1-2026,260126000000006,5395,"App\Models\KartuStock",4172300.68,32255,JP-2601-000148,16689195.95,26012600000001,140001
2171,"2026-01-26 00:00:00",INV-P26-0041-0002,071-1-2026,260126000000007,5396,"App\Models\KartuStock",4172300.68,32255,JP-2601-000148,16689195.95,26012600000001,140001
2172,"2026-01-26 00:00:00",INV-P26-0041-0002,071-1-2026,260126000000008,5397,"App\Models\KartuStock",3337837.84,32255,JP-2601-000148,16689195.95,26012600000001,140001
2173,"2026-01-26 00:00:00",INV-P26-0041-0002,071-1-2026,260126000000009,5398,"App\Models\KartuStock",1947072.07,32255,JP-2601-000148,16689195.95,26012600000001,140001
2174,"2026-01-26 00:00:00",INV-P26-0041-0002,071-1-2026,260126000000010,5399,"App\Models\KartuStock",3059684.68,32255,JP-2601-000148,16689195.95,26012600000001,140001
2175,"2026-01-27 00:00:00",INV-P26-0054-0008,2026.01.00349,260127000000001,5409,"App\Models\KartuStock",4019819.82,32271,JP-2601-000156,7296846.85,26012700000003,140001
2176,"2026-01-27 00:00:00",INV-P26-0054-0008,2026.01.00349,260127000000002,5410,"App\Models\KartuStock",3277027.03,32271,JP-2601-000156,7296846.85,26012700000003,140001
2177,"2026-01-27 00:00:00",INV-P26-0037-0006,SO2601KD-00937,260127000000003,5407,"App\Models\KartuStock",1729729.73,32267,JP-2601-000154,2431081.08,26012700000002,140001
2178,"2026-01-27 00:00:00",INV-P26-0037-0006,SO2601KD-00937,260127000000004,5408,"App\Models\KartuStock",701351.35,32267,JP-2601-000154,2431081.08,26012700000002,140001
2179,"2026-01-27 00:00:00",INV-P26-0045-0003,PI260102405964,260127000000005,5405,"App\Models\KartuStock",1970335.14,32263,JP-2601-000152,4333491.89,26012700000001,140001
2180,"2026-01-27 00:00:00",INV-P26-0045-0003,PI260102405964,260127000000006,5406,"App\Models\KartuStock",2363156.76,32263,JP-2601-000152,4333491.89,26012700000001,140001
2181,"2026-01-28 00:00:00",INV-P26-0038-0005,SA02-26-A-2076,260128000000001,5433,"App\Models\KartuStock",396400.00,32299,JP-2601-000170,638750.45,26012800000007,140001
2182,"2026-01-28 00:00:00",INV-P26-0038-0005,SA02-26-A-2076,260128000000002,5434,"App\Models\KartuStock",242350.45,32299,JP-2601-000170,638750.45,26012800000007,140001
2183,"2026-01-28 00:00:00",INV-P26-0055-0002,JLPPN00025980,260128000000003,5431,"App\Models\KartuStock",338738.74,32295,JP-2601-000168,2018270.27,26012800000006,140001
2184,"2026-01-28 00:00:00",INV-P26-0055-0002,JLPPN00025980,260128000000004,5432,"App\Models\KartuStock",1679531.53,32295,JP-2601-000168,2018270.27,26012800000006,140001
2185,"2026-01-28 00:00:00",INV-P26-0041-0003,GPC.70721,260128000000005,5430,"App\Models\KartuStock",13861269.91,32291,JP-2601-000166,13861269.91,26012800000005,140001
2186,"2026-01-28 00:00:00",INV-P26-0044-0004,JL-26-01-0110,260128000000006,5426,"App\Models\KartuStock",15765765.77,32287,JP-2601-000164,26734234.23,26012800000004,140001
2187,"2026-01-28 00:00:00",INV-P26-0044-0004,JL-26-01-0110,260128000000007,5427,"App\Models\KartuStock",1148648.65,32287,JP-2601-000164,26734234.23,26012800000004,140001
2188,"2026-01-28 00:00:00",INV-P26-0044-0004,JL-26-01-0110,260128000000008,5428,"App\Models\KartuStock",1148648.65,32287,JP-2601-000164,26734234.23,26012800000004,140001
2189,"2026-01-28 00:00:00",INV-P26-0044-0004,JL-26-01-0110,260128000000009,5429,"App\Models\KartuStock",8671171.17,32287,JP-2601-000164,26734234.23,26012800000004,140001
2190,"2026-01-28 00:00:00",INV-P26-0040-0013,S.063415,260128000000010,5423,"App\Models\KartuStock",1376576.58,32283,JP-2601-000162,8991711.71,26012800000003,140001
2191,"2026-01-28 00:00:00",INV-P26-0040-0013,S.063415,260128000000011,5424,"App\Models\KartuStock",1323243.24,32283,JP-2601-000162,8991711.71,26012800000003,140001
2192,"2026-01-28 00:00:00",INV-P26-0040-0013,S.063415,260128000000012,5425,"App\Models\KartuStock",6291891.89,32283,JP-2601-000162,8991711.71,26012800000003,140001
2193,"2026-01-28 00:00:00",INV-P26-0049-0009,T260128-201,260128000000013,5412,"App\Models\KartuStock",1605405.41,32279,JP-2601-000160,8608018.02,26012800000002,140001
2194,"2026-01-28 00:00:00",INV-P26-0049-0009,T260128-201,260128000000014,5413,"App\Models\KartuStock",463063.06,32279,JP-2601-000160,8608018.02,26012800000002,140001
2195,"2026-01-28 00:00:00",INV-P26-0049-0009,T260128-201,260128000000015,5414,"App\Models\KartuStock",790990.99,32279,JP-2601-000160,8608018.02,26012800000002,140001
2196,"2026-01-28 00:00:00",INV-P26-0049-0009,T260128-201,260128000000016,5415,"App\Models\KartuStock",1152432.43,32279,JP-2601-000160,8608018.02,26012800000002,140001
2197,"2026-01-28 00:00:00",INV-P26-0049-0009,T260128-201,260128000000017,5416,"App\Models\KartuStock",205855.86,32279,JP-2601-000160,8608018.02,26012800000002,140001
2198,"2026-01-28 00:00:00",INV-P26-0049-0009,T260128-201,260128000000018,5417,"App\Models\KartuStock",65765.77,32279,JP-2601-000160,8608018.02,26012800000002,140001
2199,"2026-01-28 00:00:00",INV-P26-0049-0009,T260128-201,260128000000019,5418,"App\Models\KartuStock",778198.20,32279,JP-2601-000160,8608018.02,26012800000002,140001
2200,"2026-01-28 00:00:00",INV-P26-0049-0009,T260128-201,260128000000020,5419,"App\Models\KartuStock",1662162.16,32279,JP-2601-000160,8608018.02,26012800000002,140001
2201,"2026-01-28 00:00:00",INV-P26-0049-0009,T260128-201,260128000000021,5420,"App\Models\KartuStock",867567.57,32279,JP-2601-000160,8608018.02,26012800000002,140001
2202,"2026-01-28 00:00:00",INV-P26-0049-0009,T260128-201,260128000000022,5421,"App\Models\KartuStock",203603.60,32279,JP-2601-000160,8608018.02,26012800000002,140001
2203,"2026-01-28 00:00:00",INV-P26-0049-0009,T260128-201,260128000000023,5422,"App\Models\KartuStock",812972.97,32279,JP-2601-000160,8608018.02,26012800000002,140001
2204,"2026-01-28 00:00:00",INV-P26-0047-0005,ESM-28-01-2026-01,260128000000024,5411,"App\Models\KartuStock",1290864.86,32275,JP-2601-000158,1290864.86,26012800000001,140001
3687,"2026-01-28 12:59:53",INV-P26-0049-0018,T260128-201,260128125953001,118,"App\Models\KartuInTransit",284144.00,177595,JP-2601-000197,284144.00,26012812595301,140002
2210,"2026-01-29 00:00:00",INV-P26-0042-0004,KSP.26.00428,260129000000001,5451,"App\Models\KartuStock",617577.57,32311,JP-2601-000176,617577.57,26012900000003,140001
2211,"2026-01-29 00:00:00",INV-P26-0052-0009,Y2601569,260129000000002,5445,"App\Models\KartuStock",1333320.52,32307,JP-2601-000174,10138400.97,26012900000002,140001
2212,"2026-01-29 00:00:00",INV-P26-0052-0009,Y2601569,260129000000003,5446,"App\Models\KartuStock",1333319.57,32307,JP-2601-000174,10138400.97,26012900000002,140001
2213,"2026-01-29 00:00:00",INV-P26-0052-0009,Y2601569,260129000000004,5447,"App\Models\KartuStock",1999980.16,32307,JP-2601-000174,10138400.97,26012900000002,140001
2214,"2026-01-29 00:00:00",INV-P26-0052-0009,Y2601569,260129000000005,5448,"App\Models\KartuStock",711699.64,32307,JP-2601-000174,10138400.97,26012900000002,140001
2215,"2026-01-29 00:00:00",INV-P26-0052-0009,Y2601569,260129000000006,5449,"App\Models\KartuStock",871833.51,32307,JP-2601-000174,10138400.97,26012900000002,140001
2216,"2026-01-29 00:00:00",INV-P26-0052-0009,Y2601569,260129000000007,5450,"App\Models\KartuStock",3888247.57,32307,JP-2601-000174,10138400.97,26012900000002,140001
2217,"2026-01-29 00:00:00",INV-P26-0052-0008,Y2601570,260129000000008,5435,"App\Models\KartuStock",972600.00,32303,JP-2601-000172,10944560.77,26012900000001,140001
2218,"2026-01-29 00:00:00",INV-P26-0052-0008,Y2601570,260129000000009,5436,"App\Models\KartuStock",945500.00,32303,JP-2601-000172,10944560.77,26012900000001,140001
2219,"2026-01-29 00:00:00",INV-P26-0052-0008,Y2601570,260129000000010,5437,"App\Models\KartuStock",2918400.00,32303,JP-2601-000172,10944560.77,26012900000001,140001
2220,"2026-01-29 00:00:00",INV-P26-0052-0008,Y2601570,260129000000011,5438,"App\Models\KartuStock",720720.00,32303,JP-2601-000172,10944560.77,26012900000001,140001
2221,"2026-01-29 00:00:00",INV-P26-0052-0008,Y2601570,260129000000012,5439,"App\Models\KartuStock",720720.00,32303,JP-2601-000172,10944560.77,26012900000001,140001
2222,"2026-01-29 00:00:00",INV-P26-0052-0008,Y2601570,260129000000013,5440,"App\Models\KartuStock",666660.26,32303,JP-2601-000172,10944560.77,26012900000001,140001
2223,"2026-01-29 00:00:00",INV-P26-0052-0008,Y2601570,260129000000014,5441,"App\Models\KartuStock",666660.59,32303,JP-2601-000172,10944560.77,26012900000001,140001
2224,"2026-01-29 00:00:00",INV-P26-0052-0008,Y2601570,260129000000015,5442,"App\Models\KartuStock",1333319.95,32303,JP-2601-000172,10944560.77,26012900000001,140001
2225,"2026-01-29 00:00:00",INV-P26-0052-0008,Y2601570,260129000000016,5443,"App\Models\KartuStock",666660.26,32303,JP-2601-000172,10944560.77,26012900000001,140001
2226,"2026-01-29 00:00:00",INV-P26-0052-0008,Y2601570,260129000000017,5444,"App\Models\KartuStock",1333319.71,32303,JP-2601-000172,10944560.77,26012900000001,140001
2242,"2026-01-29 00:00:00",INV-P26-0054-0010,2026.01.00397,260129000000018,5469,"App\Models\KartuStock",3145945.05,32327,JP-2601-000184,13807207.21,26012900000004,140001
2243,"2026-01-29 00:00:00",INV-P26-0054-0010,2026.01.00397,260129000000019,5470,"App\Models\KartuStock",6291891.89,32327,JP-2601-000184,13807207.21,26012900000004,140001
2244,"2026-01-29 00:00:00",INV-P26-0054-0010,2026.01.00397,260129000000020,5471,"App\Models\KartuStock",4369368.47,32327,JP-2601-000184,13807207.21,26012900000004,140001
2245,"2026-01-29 00:00:00",INV-P26-0054-0010,2026.01.00397,260129000000021,5472,"App\Models\KartuStock",0.90,32327,JP-2601-000184,13807207.21,26012900000004,140001
2246,"2026-01-29 00:00:00",INV-P26-0054-0010,2026.01.00397,260129000000022,5473,"App\Models\KartuStock",0.90,32327,JP-2601-000184,13807207.21,26012900000004,140001
2227,"2026-01-30 00:00:00",INV-P26-0039-0005,KM02711,260130000000001,5461,"App\Models\KartuStock",2594594.59,32319,JP-2601-000180,10162158.38,26013000000002,140001
2228,"2026-01-30 00:00:00",INV-P26-0039-0005,KM02711,260130000000002,5462,"App\Models\KartuStock",7567563.78,32319,JP-2601-000180,10162158.38,26013000000002,140001
2229,"2026-01-30 00:00:00",INV-P26-0049-0010,T260130-016,260130000000003,5455,"App\Models\KartuStock",335495.50,32315,JP-2601-000178,3683603.60,26013000000001,140001
2230,"2026-01-30 00:00:00",INV-P26-0049-0010,T260130-016,260130000000004,5456,"App\Models\KartuStock",1345945.95,32315,JP-2601-000178,3683603.60,26013000000001,140001
2231,"2026-01-30 00:00:00",INV-P26-0049-0010,T260130-016,260130000000005,5457,"App\Models\KartuStock",256756.76,32315,JP-2601-000178,3683603.60,26013000000001,140001
2232,"2026-01-30 00:00:00",INV-P26-0049-0010,T260130-016,260130000000006,5458,"App\Models\KartuStock",562162.16,32315,JP-2601-000178,3683603.60,26013000000001,140001
2233,"2026-01-30 00:00:00",INV-P26-0049-0010,T260130-016,260130000000007,5459,"App\Models\KartuStock",588648.65,32315,JP-2601-000178,3683603.60,26013000000001,140001
2234,"2026-01-30 00:00:00",INV-P26-0049-0010,T260130-016,260130000000008,5460,"App\Models\KartuStock",594594.59,32315,JP-2601-000178,3683603.60,26013000000001,140001
3688,"2026-01-30 12:03:46",INV-P26-0043-0016,CI2601-03450,260130120346001,142,"App\Models\KartuInTransit",289232.00,177607,JP-2601-000201,289232.00,26013012034601,140002
3689,"2026-01-30 12:03:46",INV-P26-0043-0016,CI2601-03450,260130120346002,143,"App\Models\KartuInTransit",318243.00,177611,JP-2601-000203,318243.00,26013012034602,140002
3690,"2026-01-30 12:03:46",INV-P26-0043-0016,CI2601-03450,260130120346003,144,"App\Models\KartuInTransit",509189.00,177615,JP-2601-000205,509189.00,26013012034603,140002
3691,"2026-01-30 12:03:46",INV-P26-0043-0016,CI2601-03450,260130120346004,145,"App\Models\KartuInTransit",216901.00,177619,JP-2601-000207,216901.00,26013012034604,140002
3692,"2026-01-30 12:03:46",INV-P26-0043-0016,CI2601-03450,260130120346005,146,"App\Models\KartuInTransit",3404467.00,177623,JP-2601-000209,3404467.00,26013012034605,140002
3693,"2026-01-30 12:03:46",INV-P26-0043-0016,CI2601-03450,260130120346006,147,"App\Models\KartuInTransit",3971878.00,177627,JP-2601-000211,3971878.00,26013012034606,140002
3694,"2026-01-30 12:03:46",INV-P26-0043-0016,CI2601-03450,260130120346007,148,"App\Models\KartuInTransit",1573297.00,177631,JP-2601-000213,1573297.00,26013012034607,140002
3695,"2026-01-30 12:03:46",INV-P26-0043-0016,CI2601-03450,260130120346008,149,"App\Models\KartuInTransit",2731640.00,177635,JP-2601-000215,2731640.00,26013012034608,140002
3696,"2026-01-30 12:03:46",INV-P26-0043-0016,CI2601-03450,260130120346009,150,"App\Models\KartuInTransit",662162.00,177639,JP-2601-000217,662162.00,26013012034609,140002
3697,"2026-01-30 12:03:46",INV-P26-0043-0016,CI2601-03450,260130120346010,151,"App\Models\KartuInTransit",2933643.00,177643,JP-2601-000219,2933643.00,26013012034610,140002
3698,"2026-01-30 12:03:46",INV-P26-0043-0016,CI2601-03450,260130120346011,152,"App\Models\KartuInTransit",594054.00,177647,JP-2601-000221,594054.00,26013012034611,140002
3699,"2026-01-30 12:12:47",INV-P26-0036-0008,FP-00307-01.26,260130121247001,153,"App\Models\KartuInTransit",3210768.00,177651,JP-2601-000223,3210768.00,26013012124701,140002
3700,"2026-01-30 12:12:47",INV-P26-0036-0008,FP-00307-01.26,260130121247002,154,"App\Models\KartuInTransit",3108000.00,177655,JP-2601-000225,3108000.00,26013012124702,140002
3701,"2026-01-31 12:14:26",INV-P26-0040-0025,S.063546,260131121426001,155,"App\Models\KartuInTransit",2977297.00,177659,JP-2601-000227,2977297.00,26013112142601,140002
3702,"2026-01-31 12:14:26",INV-P26-0040-0025,S.063546,260131121426002,156,"App\Models\KartuInTransit",6291892.00,177663,JP-2601-000229,6291892.00,26013112142602,140002
3703,"2026-01-31 12:16:04",INV-P26-0044-0011,JL/26/01/0127,260131121604001,157,"App\Models\KartuInTransit",3445946.00,177667,JP-2601-000231,3445946.00,26013112160401,140002
3704,"2026-01-31 12:16:04",INV-P26-0044-0011,JL/26/01/0127,260131121604002,158,"App\Models\KartuInTransit",3445946.00,177671,JP-2601-000233,3445946.00,26013112160402,140002
